# system info nios on 2025.06.01.00:02:17
system_info:
name,value
DEVICE,EP3C10E144C7
DEVICE_FAMILY,Cyclone III
GENERATION_ID,1748728915
#
#
# Files generated for nios on 2025.06.01.00:02:17
files:
filepath,kind,attributes,module,is_top
D:/gamepingpong/simulation/nios.vhd,VHDL,,nios,true
D:/gamepingpong/simulation/nios_rst_controller.vhd,VHDL,,nios,false
D:/gamepingpong/simulation/nios_rst_controller_001.vhd,VHDL,,nios,false
D:/gamepingpong/simulation/submodules/nios_nios2_qsys_0.sdc,SDC,,nios_nios2_qsys_0,false
D:/gamepingpong/simulation/submodules/nios_nios2_qsys_0.vhd,VHDL,,nios_nios2_qsys_0,false
D:/gamepingpong/simulation/submodules/nios_nios2_qsys_0_jtag_debug_module_sysclk.vhd,VHDL,,nios_nios2_qsys_0,false
D:/gamepingpong/simulation/submodules/nios_nios2_qsys_0_jtag_debug_module_tck.vhd,VHDL,,nios_nios2_qsys_0,false
D:/gamepingpong/simulation/submodules/nios_nios2_qsys_0_jtag_debug_module_wrapper.vhd,VHDL,,nios_nios2_qsys_0,false
D:/gamepingpong/simulation/submodules/nios_nios2_qsys_0_nios2_waves.do,OTHER,,nios_nios2_qsys_0,false
D:/gamepingpong/simulation/submodules/nios_nios2_qsys_0_ociram_default_contents.dat,DAT,,nios_nios2_qsys_0,false
D:/gamepingpong/simulation/submodules/nios_nios2_qsys_0_ociram_default_contents.hex,HEX,,nios_nios2_qsys_0,false
D:/gamepingpong/simulation/submodules/nios_nios2_qsys_0_ociram_default_contents.mif,MIF,,nios_nios2_qsys_0,false
D:/gamepingpong/simulation/submodules/nios_nios2_qsys_0_oci_test_bench.vhd,VHDL,,nios_nios2_qsys_0,false
D:/gamepingpong/simulation/submodules/nios_nios2_qsys_0_rf_ram_a.dat,DAT,,nios_nios2_qsys_0,false
D:/gamepingpong/simulation/submodules/nios_nios2_qsys_0_rf_ram_a.hex,HEX,,nios_nios2_qsys_0,false
D:/gamepingpong/simulation/submodules/nios_nios2_qsys_0_rf_ram_a.mif,MIF,,nios_nios2_qsys_0,false
D:/gamepingpong/simulation/submodules/nios_nios2_qsys_0_rf_ram_b.dat,DAT,,nios_nios2_qsys_0,false
D:/gamepingpong/simulation/submodules/nios_nios2_qsys_0_rf_ram_b.hex,HEX,,nios_nios2_qsys_0,false
D:/gamepingpong/simulation/submodules/nios_nios2_qsys_0_rf_ram_b.mif,MIF,,nios_nios2_qsys_0,false
D:/gamepingpong/simulation/submodules/nios_nios2_qsys_0_test_bench.vhd,VHDL,,nios_nios2_qsys_0,false
D:/gamepingpong/simulation/submodules/nios_onchip_memory2_0.hex,HEX,,nios_onchip_memory2_0,false
D:/gamepingpong/simulation/submodules/nios_onchip_memory2_0.vhd,VHDL,,nios_onchip_memory2_0,false
D:/gamepingpong/simulation/submodules/nios_pio_0.vhd,VHDL,,nios_pio_0,false
D:/gamepingpong/simulation/submodules/nios_pio_1.vhd,VHDL,,nios_pio_1,false
D:/gamepingpong/simulation/submodules/nios_jtag_uart_0.vhd,VHDL,,nios_jtag_uart_0,false
D:/gamepingpong/simulation/submodules/nios_mm_interconnect_0.vhd,VHDL,,nios_mm_interconnect_0,false
D:/gamepingpong/simulation/submodules/nios_mm_interconnect_0_nios2_qsys_0_jtag_debug_module_translator.vhd,VHDL,,nios_mm_interconnect_0,false
D:/gamepingpong/simulation/submodules/nios_mm_interconnect_0_onchip_memory2_0_s1_translator.vhd,VHDL,,nios_mm_interconnect_0,false
D:/gamepingpong/simulation/submodules/nios_mm_interconnect_0_jtag_uart_0_avalon_jtag_slave_translator.vhd,VHDL,,nios_mm_interconnect_0,false
D:/gamepingpong/simulation/submodules/nios_mm_interconnect_0_pio_paddle2_s1_translator.vhd,VHDL,,nios_mm_interconnect_0,false
D:/gamepingpong/simulation/submodules/nios_mm_interconnect_0_pio_ball_x_s1_translator.vhd,VHDL,,nios_mm_interconnect_0,false
D:/gamepingpong/simulation/submodules/nios_mm_interconnect_0_nios2_qsys_0_instruction_master_translator.vhd,VHDL,,nios_mm_interconnect_0,false
D:/gamepingpong/simulation/submodules/nios_mm_interconnect_0_nios2_qsys_0_data_master_translator.vhd,VHDL,,nios_mm_interconnect_0,false
D:/gamepingpong/simulation/submodules/nios_irq_mapper.vho,VHDL,,nios_irq_mapper,false
D:/gamepingpong/simulation/submodules/mentor/altera_reset_controller.v,VERILOG_ENCRYPT,MENTOR_SPECIFIC,altera_reset_controller,false
D:/gamepingpong/simulation/submodules/mentor/altera_reset_synchronizer.v,VERILOG_ENCRYPT,MENTOR_SPECIFIC,altera_reset_controller,false
D:/gamepingpong/simulation/submodules/aldec/altera_reset_controller.v,VERILOG_ENCRYPT,ALDEC_SPECIFIC,altera_reset_controller,false
D:/gamepingpong/simulation/submodules/aldec/altera_reset_synchronizer.v,VERILOG_ENCRYPT,ALDEC_SPECIFIC,altera_reset_controller,false
D:/gamepingpong/simulation/submodules/mentor/altera_merlin_master_translator.sv,SYSTEM_VERILOG_ENCRYPT,MENTOR_SPECIFIC,altera_merlin_master_translator,false
D:/gamepingpong/simulation/submodules/aldec/altera_merlin_master_translator.sv,SYSTEM_VERILOG_ENCRYPT,ALDEC_SPECIFIC,altera_merlin_master_translator,false
D:/gamepingpong/simulation/submodules/mentor/altera_merlin_slave_translator.sv,SYSTEM_VERILOG_ENCRYPT,MENTOR_SPECIFIC,altera_merlin_slave_translator,false
D:/gamepingpong/simulation/submodules/aldec/altera_merlin_slave_translator.sv,SYSTEM_VERILOG_ENCRYPT,ALDEC_SPECIFIC,altera_merlin_slave_translator,false
D:/gamepingpong/simulation/submodules/mentor/altera_merlin_master_agent.sv,SYSTEM_VERILOG_ENCRYPT,MENTOR_SPECIFIC,altera_merlin_master_agent,false
D:/gamepingpong/simulation/submodules/aldec/altera_merlin_master_agent.sv,SYSTEM_VERILOG_ENCRYPT,ALDEC_SPECIFIC,altera_merlin_master_agent,false
D:/gamepingpong/simulation/submodules/mentor/altera_merlin_slave_agent.sv,SYSTEM_VERILOG_ENCRYPT,MENTOR_SPECIFIC,altera_merlin_slave_agent,false
D:/gamepingpong/simulation/submodules/mentor/altera_merlin_burst_uncompressor.sv,SYSTEM_VERILOG_ENCRYPT,MENTOR_SPECIFIC,altera_merlin_slave_agent,false
D:/gamepingpong/simulation/submodules/aldec/altera_merlin_slave_agent.sv,SYSTEM_VERILOG_ENCRYPT,ALDEC_SPECIFIC,altera_merlin_slave_agent,false
D:/gamepingpong/simulation/submodules/aldec/altera_merlin_burst_uncompressor.sv,SYSTEM_VERILOG_ENCRYPT,ALDEC_SPECIFIC,altera_merlin_slave_agent,false
D:/gamepingpong/simulation/submodules/nios_mm_interconnect_0_nios2_qsys_0_jtag_debug_module_translator_avalon_universal_slave_0_agent_rsp_fifo.vho,VHDL,,nios_mm_interconnect_0_nios2_qsys_0_jtag_debug_module_translator_avalon_universal_slave_0_agent_rsp_fifo,false
D:/gamepingpong/simulation/submodules/nios_mm_interconnect_0_addr_router.vho,VHDL,,nios_mm_interconnect_0_addr_router,false
D:/gamepingpong/simulation/submodules/nios_mm_interconnect_0_addr_router_001.vho,VHDL,,nios_mm_interconnect_0_addr_router_001,false
D:/gamepingpong/simulation/submodules/nios_mm_interconnect_0_id_router.vho,VHDL,,nios_mm_interconnect_0_id_router,false
D:/gamepingpong/simulation/submodules/nios_mm_interconnect_0_id_router_008.vho,VHDL,,nios_mm_interconnect_0_id_router_008,false
D:/gamepingpong/simulation/submodules/nios_mm_interconnect_0_cmd_xbar_demux.vho,VHDL,,nios_mm_interconnect_0_cmd_xbar_demux,false
D:/gamepingpong/simulation/submodules/nios_mm_interconnect_0_cmd_xbar_demux_001.vho,VHDL,,nios_mm_interconnect_0_cmd_xbar_demux_001,false
D:/gamepingpong/simulation/submodules/nios_mm_interconnect_0_cmd_xbar_mux.vho,VHDL,,nios_mm_interconnect_0_cmd_xbar_mux,false
D:/gamepingpong/simulation/submodules/nios_mm_interconnect_0_cmd_xbar_mux_008.vho,VHDL,,nios_mm_interconnect_0_cmd_xbar_mux_008,false
D:/gamepingpong/simulation/submodules/nios_mm_interconnect_0_rsp_xbar_demux.vho,VHDL,,nios_mm_interconnect_0_rsp_xbar_demux,false
D:/gamepingpong/simulation/submodules/nios_mm_interconnect_0_rsp_xbar_demux_008.vho,VHDL,,nios_mm_interconnect_0_rsp_xbar_demux_008,false
D:/gamepingpong/simulation/submodules/nios_mm_interconnect_0_rsp_xbar_mux.vho,VHDL,,nios_mm_interconnect_0_rsp_xbar_mux,false
D:/gamepingpong/simulation/submodules/nios_mm_interconnect_0_rsp_xbar_mux_001.vho,VHDL,,nios_mm_interconnect_0_rsp_xbar_mux_001,false
#
# Map from instance-path to kind of module
instances:
instancePath,module
nios.nios2_qsys_0,nios_nios2_qsys_0
nios.onchip_memory2_0,nios_onchip_memory2_0
nios.pio_0,nios_pio_0
nios.pio_ball_x,nios_pio_0
nios.pio_ball_y,nios_pio_0
nios.pio_1,nios_pio_1
nios.pio_paddle2,nios_pio_1
nios.pio_paddle1,nios_pio_1
nios.jtag_uart_0,nios_jtag_uart_0
nios.mm_interconnect_0,nios_mm_interconnect_0
nios.mm_interconnect_0.nios2_qsys_0_instruction_master_translator,altera_merlin_master_translator
nios.mm_interconnect_0.nios2_qsys_0_data_master_translator,altera_merlin_master_translator
nios.mm_interconnect_0.nios2_qsys_0_instruction_master_translator,altera_merlin_master_translator
nios.mm_interconnect_0.nios2_qsys_0_data_master_translator,altera_merlin_master_translator
nios.mm_interconnect_0.nios2_qsys_0_jtag_debug_module_translator,altera_merlin_slave_translator
nios.mm_interconnect_0.onchip_memory2_0_s1_translator,altera_merlin_slave_translator
nios.mm_interconnect_0.jtag_uart_0_avalon_jtag_slave_translator,altera_merlin_slave_translator
nios.mm_interconnect_0.pio_paddle2_s1_translator,altera_merlin_slave_translator
nios.mm_interconnect_0.pio_paddle1_s1_translator,altera_merlin_slave_translator
nios.mm_interconnect_0.pio_ball_x_s1_translator,altera_merlin_slave_translator
nios.mm_interconnect_0.pio_ball_y_s1_translator,altera_merlin_slave_translator
nios.mm_interconnect_0.pio_0_s1_translator,altera_merlin_slave_translator
nios.mm_interconnect_0.pio_1_s1_translator,altera_merlin_slave_translator
nios.mm_interconnect_0.nios2_qsys_0_jtag_debug_module_translator,altera_merlin_slave_translator
nios.mm_interconnect_0.onchip_memory2_0_s1_translator,altera_merlin_slave_translator
nios.mm_interconnect_0.jtag_uart_0_avalon_jtag_slave_translator,altera_merlin_slave_translator
nios.mm_interconnect_0.pio_paddle2_s1_translator,altera_merlin_slave_translator
nios.mm_interconnect_0.pio_ball_x_s1_translator,altera_merlin_slave_translator
nios.mm_interconnect_0.nios2_qsys_0_instruction_master_translator_avalon_universal_master_0_agent,altera_merlin_master_agent
nios.mm_interconnect_0.nios2_qsys_0_data_master_translator_avalon_universal_master_0_agent,altera_merlin_master_agent
nios.mm_interconnect_0.nios2_qsys_0_jtag_debug_module_translator_avalon_universal_slave_0_agent,altera_merlin_slave_agent
nios.mm_interconnect_0.onchip_memory2_0_s1_translator_avalon_universal_slave_0_agent,altera_merlin_slave_agent
nios.mm_interconnect_0.jtag_uart_0_avalon_jtag_slave_translator_avalon_universal_slave_0_agent,altera_merlin_slave_agent
nios.mm_interconnect_0.pio_paddle2_s1_translator_avalon_universal_slave_0_agent,altera_merlin_slave_agent
nios.mm_interconnect_0.pio_paddle1_s1_translator_avalon_universal_slave_0_agent,altera_merlin_slave_agent
nios.mm_interconnect_0.pio_ball_x_s1_translator_avalon_universal_slave_0_agent,altera_merlin_slave_agent
nios.mm_interconnect_0.pio_ball_y_s1_translator_avalon_universal_slave_0_agent,altera_merlin_slave_agent
nios.mm_interconnect_0.pio_0_s1_translator_avalon_universal_slave_0_agent,altera_merlin_slave_agent
nios.mm_interconnect_0.pio_1_s1_translator_avalon_universal_slave_0_agent,altera_merlin_slave_agent
nios.mm_interconnect_0.nios2_qsys_0_jtag_debug_module_translator_avalon_universal_slave_0_agent_rsp_fifo,nios_mm_interconnect_0_nios2_qsys_0_jtag_debug_module_translator_avalon_universal_slave_0_agent_rsp_fifo
nios.mm_interconnect_0.onchip_memory2_0_s1_translator_avalon_universal_slave_0_agent_rsp_fifo,nios_mm_interconnect_0_nios2_qsys_0_jtag_debug_module_translator_avalon_universal_slave_0_agent_rsp_fifo
nios.mm_interconnect_0.jtag_uart_0_avalon_jtag_slave_translator_avalon_universal_slave_0_agent_rsp_fifo,nios_mm_interconnect_0_nios2_qsys_0_jtag_debug_module_translator_avalon_universal_slave_0_agent_rsp_fifo
nios.mm_interconnect_0.pio_paddle2_s1_translator_avalon_universal_slave_0_agent_rsp_fifo,nios_mm_interconnect_0_nios2_qsys_0_jtag_debug_module_translator_avalon_universal_slave_0_agent_rsp_fifo
nios.mm_interconnect_0.pio_paddle1_s1_translator_avalon_universal_slave_0_agent_rsp_fifo,nios_mm_interconnect_0_nios2_qsys_0_jtag_debug_module_translator_avalon_universal_slave_0_agent_rsp_fifo
nios.mm_interconnect_0.pio_ball_x_s1_translator_avalon_universal_slave_0_agent_rsp_fifo,nios_mm_interconnect_0_nios2_qsys_0_jtag_debug_module_translator_avalon_universal_slave_0_agent_rsp_fifo
nios.mm_interconnect_0.pio_ball_y_s1_translator_avalon_universal_slave_0_agent_rsp_fifo,nios_mm_interconnect_0_nios2_qsys_0_jtag_debug_module_translator_avalon_universal_slave_0_agent_rsp_fifo
nios.mm_interconnect_0.pio_0_s1_translator_avalon_universal_slave_0_agent_rsp_fifo,nios_mm_interconnect_0_nios2_qsys_0_jtag_debug_module_translator_avalon_universal_slave_0_agent_rsp_fifo
nios.mm_interconnect_0.pio_1_s1_translator_avalon_universal_slave_0_agent_rsp_fifo,nios_mm_interconnect_0_nios2_qsys_0_jtag_debug_module_translator_avalon_universal_slave_0_agent_rsp_fifo
nios.mm_interconnect_0.addr_router,nios_mm_interconnect_0_addr_router
nios.mm_interconnect_0.addr_router_001,nios_mm_interconnect_0_addr_router_001
nios.mm_interconnect_0.id_router,nios_mm_interconnect_0_id_router
nios.mm_interconnect_0.id_router_001,nios_mm_interconnect_0_id_router
nios.mm_interconnect_0.id_router_002,nios_mm_interconnect_0_id_router
nios.mm_interconnect_0.id_router_003,nios_mm_interconnect_0_id_router
nios.mm_interconnect_0.id_router_004,nios_mm_interconnect_0_id_router
nios.mm_interconnect_0.id_router_005,nios_mm_interconnect_0_id_router
nios.mm_interconnect_0.id_router_006,nios_mm_interconnect_0_id_router
nios.mm_interconnect_0.id_router_007,nios_mm_interconnect_0_id_router
nios.mm_interconnect_0.id_router_008,nios_mm_interconnect_0_id_router_008
nios.mm_interconnect_0.cmd_xbar_demux,nios_mm_interconnect_0_cmd_xbar_demux
nios.mm_interconnect_0.cmd_xbar_demux_001,nios_mm_interconnect_0_cmd_xbar_demux_001
nios.mm_interconnect_0.cmd_xbar_mux,nios_mm_interconnect_0_cmd_xbar_mux
nios.mm_interconnect_0.cmd_xbar_mux_001,nios_mm_interconnect_0_cmd_xbar_mux
nios.mm_interconnect_0.cmd_xbar_mux_002,nios_mm_interconnect_0_cmd_xbar_mux
nios.mm_interconnect_0.cmd_xbar_mux_003,nios_mm_interconnect_0_cmd_xbar_mux
nios.mm_interconnect_0.cmd_xbar_mux_004,nios_mm_interconnect_0_cmd_xbar_mux
nios.mm_interconnect_0.cmd_xbar_mux_005,nios_mm_interconnect_0_cmd_xbar_mux
nios.mm_interconnect_0.cmd_xbar_mux_006,nios_mm_interconnect_0_cmd_xbar_mux
nios.mm_interconnect_0.cmd_xbar_mux_007,nios_mm_interconnect_0_cmd_xbar_mux
nios.mm_interconnect_0.cmd_xbar_mux_008,nios_mm_interconnect_0_cmd_xbar_mux_008
nios.mm_interconnect_0.rsp_xbar_demux,nios_mm_interconnect_0_rsp_xbar_demux
nios.mm_interconnect_0.rsp_xbar_demux_001,nios_mm_interconnect_0_rsp_xbar_demux
nios.mm_interconnect_0.rsp_xbar_demux_002,nios_mm_interconnect_0_rsp_xbar_demux
nios.mm_interconnect_0.rsp_xbar_demux_003,nios_mm_interconnect_0_rsp_xbar_demux
nios.mm_interconnect_0.rsp_xbar_demux_004,nios_mm_interconnect_0_rsp_xbar_demux
nios.mm_interconnect_0.rsp_xbar_demux_005,nios_mm_interconnect_0_rsp_xbar_demux
nios.mm_interconnect_0.rsp_xbar_demux_006,nios_mm_interconnect_0_rsp_xbar_demux
nios.mm_interconnect_0.rsp_xbar_demux_007,nios_mm_interconnect_0_rsp_xbar_demux
nios.mm_interconnect_0.rsp_xbar_demux_008,nios_mm_interconnect_0_rsp_xbar_demux_008
nios.mm_interconnect_0.rsp_xbar_mux,nios_mm_interconnect_0_rsp_xbar_mux
nios.mm_interconnect_0.rsp_xbar_mux_001,nios_mm_interconnect_0_rsp_xbar_mux_001
nios.irq_mapper,nios_irq_mapper
nios.rst_controller,altera_reset_controller
nios.rst_controller_001,altera_reset_controller
nios.rst_controller,altera_reset_controller
nios.rst_controller_001,altera_reset_controller
